,TF Feature Name,TF Common Name,Number of Hits,Total Sum of Scores,Avg. Score per Hit,List of Scores,Medline,TF Description
S000002157,YBR089C-A,NHP6B,298,864.790127457,2.90198029348,"[0.00026039439, 0.017060218, 0.029730683, 0.047371201, 0.058146521, 0.063704543, 0.066050537, 0.066341966, 0.079306021, 0.085546762, 0.10447729, 0.11572352, 0.12292466, 0.13849124, 0.14644115, 0.16173153, 0.1852963, 0.23865049, 0.24589226, 0.25188562, 0.27837604, 0.27892327, 0.2886036, 0.29191741, 0.34700513, 0.34762773, 0.36887172, 0.37839282, 0.41838679, 0.44110557, 0.45027304, 0.4729574, 0.47494131, 0.47812018, 0.48452491, 0.49065477, 0.51566875, 0.5306983, 0.53684896, 0.58745289, 0.61848915, 0.62585664, 0.62651789, 0.63742471, 0.66955531, 0.67697579, 0.68219125, 0.68465233, 0.68491024, 0.71472245, 0.72467655, 0.72890925, 0.7310487, 0.73281485, 0.7334314, 0.74798042, 0.75810713, 0.78426915, 0.79188639, 0.80308062, 0.81130147, 0.8339659, 0.84194589, 0.89511108, 0.90023565, 0.90755767, 0.91547585, 0.91990745, 0.92723572, 0.93826544, 0.95375067, 0.96045417, 0.97503793, 0.98870981, 0.98974138, 1.0249337, 1.0729321, 1.0801843, 1.088642, 1.0932169, 1.0938742, 1.1132773, 1.1192857, 1.1592753, 1.1605396, 1.1874177, 1.2229367, 1.2299243, 1.2406591, 1.2534359, 1.2638071, 1.2680005, 1.2683449, 1.2692368, 1.2695861, 1.2746632, 1.2889365, 1.3300354, 1.3768805, 1.3782578, 1.3797113, 1.380381, 1.392688, 1.4084264, 1.4600018, 1.4683616, 1.4705406, 1.4718704, 1.547309, 1.5670301, 1.6253378, 1.6461718, 1.6556591, 1.656769, 1.682031, 1.6834764, 1.6940053, 1.7043016, 1.7175676, 1.7197909, 1.7538067, 1.7566197, 1.7862731, 1.7987716, 1.8072339, 1.8239845, 1.8326075, 1.8348284, 1.8547173, 1.8556912, 1.85979, 1.9329041, 1.9490061, 1.9869077, 2.0199487, 2.0407491, 2.0661395, 2.0711243, 2.0781553, 2.0788348, 2.1018565, 2.1041737, 2.1060259, 2.1085784, 2.1171134, 2.1259081, 2.1458406, 2.1661623, 2.2528889, 2.2645955, 2.2896283, 2.2952569, 2.304992, 2.3065622, 2.3228631, 2.3404522, 2.3439386, 2.401902, 2.4051719, 2.4332914, 2.4725201, 2.4854188, 2.5033267, 2.5950716, 2.6119738, 2.6222265, 2.6638513, 2.6879859, 2.6922796, 2.7033994, 2.7635272, 2.7761607, 2.7897313, 2.820801, 2.8498137, 2.8727121, 2.9232619, 2.9409504, 2.9763129, 3.0186169, 3.0208869, 3.0271459, 3.0311446, 3.0417502, 3.0775309, 3.106051, 3.1068041, 3.1113591, 3.1171522, 3.1200998, 3.124167, 3.1730807, 3.1978977, 3.2020879, 3.2476144, 3.2567205, 3.3019133, 3.3438137, 3.3520429, 3.3864431, 3.3891742, 3.4302213, 3.4323952, 3.4903188, 3.4928021, 3.5449471, 3.5528419, 3.55323, 3.6344514, 3.6422918, 3.738986, 3.7437971, 3.7441344, 3.7457042, 3.7765071, 3.7853847, 3.8377116, 3.885628, 3.9089489, 3.9097426, 4.0748296, 4.0951157, 4.1233115, 4.1601081, 4.1734242, 4.2327566, 4.2581072, 4.2682672, 4.2758703, 4.2933207, 4.3675709, 4.4041505, 4.4072995, 4.4139109, 4.4496713, 4.5365391, 4.559607, 4.5629959, 4.5842152, 4.7706947, 4.9274936, 4.9637341, 4.9978952, 5.0130229, 5.014039, 5.0151882, 5.1545243, 5.2644444, 5.2825174, 5.2952948, 5.3625274, 5.4171915, 5.4497523, 5.5984702, 5.6169553, 5.6871223, 5.700706, 5.7120428, 5.7772365, 5.9352989, 5.9426446, 5.9504943, 6.0106816, 6.0931501, 6.1379519, 6.1789255, 6.2818041, 6.3369403, 6.3600097, 6.3703823, 6.5331864, 6.7029271, 6.7839584, 6.8021626, 6.8421035, 6.9272461, 7.1447701, 7.1943269, 7.1995177, 7.2859907, 7.2909522, 7.2946486, 7.8523097, 7.8715639, 7.9911556, 8.0350218, 8.0799379, 8.9203777, 9.0815153, 9.2600689, 9.3143778, 9.3147316, 9.4677124, 10.263913, 10.690679, 11.189484, 11.492744, 11.560081]",www.pubmed.com/18842628,"High-mobility group (HMG) protein; binds to and remodels nucleosomes; involved in recruiting FACT and other chromatin remodelling complexes to the chromosomes; functionally redundant with Nhp6Ap; required for transcriptional initiation fidelity of some tRNA genes; homologous to mammalian HMGB1 and HMGB2; NHP6B has a paralog, NHP6A, that arose from the whole genome duplication"
S000006256,YPR052C,NHP6A,167,496.390153436,2.97239612836,"[0.011299637, 0.014826951, 0.038578968, 0.065476552, 0.067982793, 0.074266471, 0.094192475, 0.13647412, 0.13850042, 0.1735536, 0.19461617, 0.2114846, 0.22924484, 0.23181695, 0.27876198, 0.28090838, 0.2858665, 0.30568475, 0.33252129, 0.40774736, 0.43132633, 0.44966319, 0.45514813, 0.49042866, 0.51847953, 0.57260329, 0.58574098, 0.60607141, 0.61538601, 0.62116116, 0.64104193, 0.71944726, 0.73197418, 0.73329777, 0.73333859, 0.7577908, 0.75987089, 0.77824157, 0.81446803, 0.87397021, 0.90257561, 0.90331811, 0.96454626, 0.98205757, 0.99388182, 1.0508828, 1.0824825, 1.1178577, 1.1257532, 1.1744581, 1.1835399, 1.1940112, 1.2190279, 1.2234389, 1.2270319, 1.2354681, 1.2360007, 1.2414058, 1.2604538, 1.2760646, 1.3190347, 1.3804349, 1.4139621, 1.4223987, 1.5046918, 1.5121002, 1.5221413, 1.5360665, 1.5612937, 1.582, 1.6026241, 1.6043106, 1.6104168, 1.6746207, 1.7340615, 1.8398657, 1.90165, 1.9526988, 1.9681379, 1.9970455, 2.00349, 2.0130949, 2.0452204, 2.0645657, 2.1173472, 2.1190574, 2.1944501, 2.2318745, 2.3473647, 2.3598979, 2.4477446, 2.4770777, 2.5518458, 2.5594108, 2.5876906, 2.6030724, 2.6151044, 2.6854157, 2.7575295, 2.7600131, 2.7868135, 2.8317771, 2.860954, 2.8878694, 2.9258809, 3.2727044, 3.2757888, 3.2791927, 3.4026096, 3.5317848, 3.537389, 3.5641084, 3.6162138, 3.659471, 3.6921201, 3.7838337, 3.8121154, 3.9553134, 3.9688125, 3.9707992, 3.9949162, 4.0204449, 4.1086812, 4.1898394, 4.2035918, 4.2589383, 4.2975354, 4.539331, 4.5698242, 4.628438, 4.7356591, 4.8825474, 4.9721551, 4.9723959, 4.975008, 5.0549893, 5.1372695, 5.2983456, 5.4133592, 5.5525112, 5.8204603, 5.9040112, 6.0105801, 6.1435485, 6.2306094, 6.3724737, 6.4172854, 6.5692854, 6.6592817, 6.8722773, 6.9611349, 6.9983344, 7.357101, 7.3762584, 7.5194407, 7.5859747, 7.6254692, 7.7238612, 8.7761173, 9.3638391, 9.4666462, 9.6703835, 10.2158, 10.416669, 11.168334, 11.169324, 12.335986]",www.pubmed.com/18842628,"High-mobility group (HMG) protein; binds to and remodels nucleosomes; involved in recruiting FACT and other chromatin remodelling complexes to chromosomes; functionally redundant with Nhp6Bp; required for transcriptional initiation fidelity of some tRNA genes; homologous to mammalian HMGB1 and HMGB2; NHP6A has a paralog, NHP6B, that arose from the whole genome duplication; protein abundance increases in response to DNA replication stress"
S000002264,YDL106C,PHO2,89,434.072179019,4.8772154946,"[0.89169651, 0.89169651, 0.89169651, 1.659523, 1.659523, 1.659523, 1.659523, 1.659523, 1.659523, 1.659523, 1.659523, 2.2869978, 2.6349211, 2.6349211, 2.9013252, 3.2442129, 3.2442129, 3.2442129, 3.4027476, 3.4027476, 3.4182422, 3.5921361, 3.5921361, 3.6691518, 3.6691518, 4.0120397, 4.0120397, 4.0120397, 4.0120397, 4.0170751, 4.186069, 4.3599629, 4.3599629, 4.3599629, 4.3599629, 4.3599629, 4.3599629, 4.3599629, 4.3599629, 4.3599629, 4.3599629, 4.3599629, 4.3599629, 4.3599629, 4.3599629, 4.3599629, 4.5339923, 4.5339923, 4.6445498, 4.9924731, 5.1614671, 5.1614671, 5.7552643, 5.7602997, 5.7757945, 5.7757945, 5.9292936, 5.9292936, 6.1031876, 6.1031876, 6.1031876, 6.1031876, 6.1186819, 6.1186819, 6.2772169, 6.2772169, 6.2772169, 6.2772169, 6.4666052, 6.4666052, 6.4666052, 6.8865085, 6.8865085, 7.2344317, 7.2344317, 7.2344317, 7.2344317, 7.5190191, 7.5190191, 7.5190191, 7.5190191, 7.8619065, 7.8619065, 7.8619065, 7.8669424, 8.2868452, 8.2868452, 8.6297331, 8.9776564]",www.pubmed.com/19111667,Homeobox transcription factor; regulatory targets include genes involved in phosphate metabolism; binds cooperatively with Pho4p to the PHO5 promoter; phosphorylation of Pho2p facilitates interaction with Pho4p; relocalizes to the cytosol in response to hypoxia
S000005666,YOR140W,SFL1,105,342.958301343,3.2662695366,"[0.0022765293, 0.004396725, 0.023233086, 0.054533407, 0.093821928, 0.10302711, 0.2008526, 0.24500749, 0.26232305, 0.29898265, 0.35547438, 0.42306224, 0.48287022, 0.48298186, 0.58734459, 0.61007726, 0.70304704, 0.73121971, 0.74575365, 0.77064729, 0.84184229, 0.84316385, 0.89348108, 0.89371276, 0.92745358, 1.0521485, 1.0998583, 1.1114161, 1.1674069, 1.2610862, 1.2830606, 1.3860002, 1.4161695, 1.4340055, 1.4376658, 1.5039243, 1.5417359, 1.6087353, 1.610984, 1.6441394, 1.6801277, 1.6934302, 1.7029412, 1.7206546, 1.7966183, 1.8104941, 2.0209231, 2.0384533, 2.0599823, 2.2125368, 2.2562335, 2.3558812, 2.3918483, 2.5642486, 2.6025219, 2.6455557, 2.6609166, 2.7184277, 2.7598066, 2.7790921, 2.8760216, 2.8963692, 2.9083707, 2.928302, 2.9719188, 3.1545706, 3.1616607, 3.3231437, 3.3570635, 3.3654099, 3.3707647, 3.3974607, 3.6618285, 3.7804506, 3.964124, 4.1233063, 4.3329225, 4.4627042, 4.486825, 4.5073195, 4.7755785, 4.7759461, 4.9134264, 5.1320815, 5.3911166, 5.5464478, 5.5622816, 5.7785177, 6.2076797, 6.4411559, 6.7994127, 6.8668141, 6.9199705, 7.0302725, 7.0849547, 7.2541423, 8.096447, 8.4977808, 9.6987095, 9.9503899, 10.304946, 10.389609, 11.713449, 13.908976, 16.278042]",www.pubmed.com/18842628,"Transcriptional repressor and activator; involved in repression of flocculation-related genes, and activation of stress responsive genes; negatively regulated by cAMP-dependent protein kinase A subunit Tpk2p; premature stop codon (C1430T, Q477-stop) in SK1 background is linked to the aggressively invasive phenotype of SK1 relative to BY4741 (S288C)"
S000000386,YBR182C,SMP1,125,302.509948414,2.42007958731,"[0.061382908, 0.0733248, 0.081494518, 0.08511015, 0.1112163, 0.14946829, 0.16713178, 0.19274889, 0.24856079, 0.26764476, 0.2707403, 0.30204341, 0.30208793, 0.32838711, 0.35611945, 0.3868669, 0.41651613, 0.47341198, 0.52090526, 0.52410758, 0.53755957, 0.54770768, 0.61436504, 0.65789038, 0.73023659, 0.78692585, 0.80012918, 0.81129104, 0.85772753, 0.86034989, 0.8604098, 0.89826274, 0.90180707, 0.96606314, 0.97512907, 1.0167125, 1.0489352, 1.0574342, 1.0603006, 1.0669187, 1.070726, 1.1882979, 1.1940581, 1.2676586, 1.2677513, 1.4415513, 1.4792612, 1.5338612, 1.5389904, 1.5651778, 1.6542218, 1.6619468, 1.6950356, 1.719641, 1.7202693, 1.7328347, 1.7459985, 1.7968853, 1.8155594, 1.8474147, 1.8641036, 1.9113026, 1.9757998, 2.0700541, 2.1235054, 2.137449, 2.1671951, 2.2100344, 2.2261345, 2.2425568, 2.254132, 2.2569261, 2.2983277, 2.3836, 2.4184804, 2.4520528, 2.4743755, 2.519448, 2.6160367, 2.6632788, 2.6934736, 2.7229209, 2.8172183, 2.8268905, 2.8508749, 2.8939829, 3.0006437, 3.0159221, 3.0405395, 3.0979357, 3.1769633, 3.1846457, 3.2616115, 3.3384902, 3.3766103, 3.4970846, 3.5375922, 3.6619473, 3.6658289, 3.7518547, 3.7641706, 4.1917319, 4.212532, 4.2547441, 4.2550144, 4.3549414, 4.5154791, 4.7064233, 4.7130275, 4.8033152, 5.0520911, 5.1209998, 5.2713423, 5.3547559, 5.3564591, 5.5713201, 6.2261591, 6.3588066, 6.6232929, 6.7095947, 7.0207767, 7.5354853, 7.6439815, 8.2877817, 8.6153326]",www.pubmed.com/18842628,"MADS-box transcription factor involved in osmotic stress response; SMP1 has a paralog, RLM1, that arose from the whole genome duplication"
S000000661,YCR065W,HCM1,81,300.987621052,3.7158965562,"[0.02847782, 0.056705046, 0.095253073, 0.44448423, 0.5174861, 0.5174861, 0.55079317, 0.60701406, 0.60701406, 0.67286217, 0.69935071, 0.81645304, 1.0371585, 1.2130083, 1.4724987, 1.5427713, 1.5427713, 1.5532806, 1.6728622, 1.7248858, 1.7701577, 1.7701577, 1.8777745, 1.8906946, 1.9029469, 2.0177515, 2.046814, 2.0772524, 2.1613424, 2.1899114, 2.1899114, 2.1899114, 2.3616605, 2.3821342, 2.4724987, 2.5713406, 2.5713406, 2.5713406, 2.7186213, 2.7987268, 2.7991645, 2.8501406, 3.0463207, 3.1287827, 3.1993718, 3.2723737, 3.2723737, 3.5476258, 3.5750303, 3.632549, 3.9162297, 3.9162297, 4.1655416, 4.2512331, 4.5168929, 4.8242621, 4.8648162, 4.9447989, 4.9447989, 4.9447989, 4.9447989, 5.5702925, 5.5911345, 5.8617821, 5.9810028, 6.2590909, 6.3251801, 6.5215178, 6.5215178, 6.6197038, 7.2508702, 7.5876069, 7.6166697, 7.870749, 8.6452389, 9.6256361, 9.8083992, 9.8210888, 10.304975, 11.371063, 11.371063]",www.pubmed.com/19111667,"Forkhead transcription factor; drives S-phase activation of genes involved in chromosome segregation, spindle dynamics, budding; also activates genes involved in respiration, use of alternative energy sources (like proline), NAD synthesis, oxidative stress resistance; key factor in early adaptation to nutrient deficiency and diauxic shift; suppressor of calmodulin mutants with specific SPB assembly defects; ortholog of C. elegans lifespan regulator PHA-4"
S000002718,YDR310C,SUM1,48,220.615352869,4.59615318477,"[0.5682655, 0.60503435, 0.73966718, 0.94428486, 1.2743926, 1.3665162, 1.6772845, 1.7215562, 1.9551731, 2.1208065, 2.376169, 2.4026322, 2.4898987, 2.5761685, 2.691324, 2.7763486, 2.8548226, 3.2687051, 3.2693655, 3.3917439, 3.3917439, 3.4111075, 3.9239786, 3.9923263, 4.2827449, 4.3243809, 4.3783846, 4.5440178, 4.6577473, 4.9316702, 5.054709, 5.1052065, 5.1058669, 5.6202726, 5.9014382, 6.2142253, 7.1157088, 7.2535338, 7.444344, 7.7309012, 7.8161483, 8.663518, 8.7439241, 8.8638115, 9.3639574, 10.382622, 10.639271, 10.687634]",www.pubmed.com/19111667,"Transcriptional repressor that regulates middle-sporulation genes; required for mitotic repression of middle sporulation-specific genes; also acts as general replication initiation factor; involved in telomere maintenance, chromatin silencing; regulated by pachytene checkpoint"
S000001457,YIR018W,YAP5,43,184.145523876,4.28245404363,"[0.49932978, 0.72623879, 0.72623879, 1.3874369, 1.6814061, 1.6814061, 2.3426042, 2.5695133, 2.5695133, 2.5695133, 2.5695133, 2.6882362, 2.6882362, 3.2307115, 3.2307115, 3.2307115, 3.3494344, 3.5763433, 4.2375417, 4.2375417, 4.2375417, 4.4562612, 4.5315108, 4.5315108, 5.192709, 5.192709, 5.344368, 5.4196177, 5.4196177, 5.4196177, 5.6383376, 5.6383376, 5.6383376, 6.2995358, 6.2995358, 6.2995358, 6.5264444, 6.5264444, 6.5264444, 7.1876426, 7.1876426, 7.3063655, 7.5332747]",www.pubmed.com/16522208,"Basic leucine zipper (bZIP) iron-sensing transcription factor; involved in diauxic shift; YAP5 has a paralog, YAP7, that arose from the whole genome duplication"
S000004003,YLR013W,GAT3,77,180.992101848,2.35054677725,"[0.067281015, 0.10409074, 0.14037274, 0.19482052, 0.20387568, 0.25696889, 0.25864655, 0.32462966, 0.42170796, 0.48882216, 0.51672816, 0.51672816, 0.53561634, 0.55096436, 0.59153676, 0.60216361, 0.62445134, 0.62445134, 0.66574776, 0.69403267, 0.72586137, 0.72943962, 0.76953506, 0.77331477, 0.79829854, 0.81833625, 0.86081958, 0.90959215, 0.98119903, 0.98886281, 0.99561214, 1.0001668, 1.1478803, 1.1695061, 1.2695348, 1.2695348, 1.2885236, 1.3107909, 1.3146228, 1.3423082, 1.5839794, 1.5851293, 1.642873, 1.6642853, 1.7308735, 1.8342777, 1.9332281, 1.9983231, 2.0978589, 2.3917906, 2.4531543, 2.5597968, 2.6681745, 2.7158363, 2.8746359, 3.0269229, 3.2518811, 3.2796888, 3.3544974, 3.4202051, 3.6771929, 3.8804765, 3.982245, 4.168942, 4.4192405, 4.7928677, 4.8507657, 5.1078429, 5.354692, 5.7270789, 6.064774, 6.3829765, 6.8919315, 7.945786, 8.4357281, 10.686027, 11.708747]",www.pubmed.com/19111667,"Protein containing GATA family zinc finger motifs; involved in spore wall assembly; sequence similarity to GAT4, and the double mutant gat3 gat4 exhibits reduced dityrosine fluorescence relative to the single mutants"
S000004395,YLR403W,SFP1,70,165.241044951,2.36058635644,"[0.0096045556, 0.076881215, 0.10432968, 0.12960568, 0.14586224, 0.30774283, 0.32092613, 0.32259077, 0.37295353, 0.46343833, 0.48038545, 0.51541674, 0.53714532, 0.54381543, 0.58549571, 0.65874869, 0.73517096, 0.73962802, 0.79164118, 0.9263261, 0.984492, 1.1303111, 1.1898663, 1.2017469, 1.2366617, 1.2648035, 1.2742717, 1.2948599, 1.3281527, 1.3685338, 1.4743401, 1.4820625, 1.5082942, 1.5823346, 1.6039406, 1.6211321, 1.7981453, 1.8460988, 2.1321023, 2.1845765, 2.2619035, 2.3418303, 2.532207, 2.7025495, 2.8702965, 2.8762984, 3.005228, 3.0098283, 3.0641787, 3.1052632, 3.1055145, 3.109663, 3.2999911, 3.3740454, 3.480901, 3.4875696, 3.6961522, 4.1032119, 4.2738457, 4.5598841, 4.6954503, 4.8917117, 5.1462531, 5.345345, 5.3779216, 5.6092038, 6.4453635, 8.2544832, 8.3457632, 8.5947523]",www.pubmed.com/18842628,"Regulates transcription of ribosomal protein and biogenesis genes; regulates response to nutrients and stress, G2/M transitions during mitotic cell cycle and DNA-damage response, and modulates cell size; regulated by TORC1 and Mrs6p; sequence of zinc finger, ChIP localization data, and protein-binding microarray (PBM) data, and computational analyses suggest it binds DNA directly at highly active RP genes and indirectly through Rap1p at others; can form the [ISP+] prion"
S000005942,YPL021W,ECM23,60,156.064979956,2.60108299926,"[0.070578843, 0.15263902, 0.17176534, 0.22006814, 0.25909179, 0.29213226, 0.37938601, 0.47531044, 0.48157671, 0.53732085, 0.63335472, 0.640513, 0.7683444, 0.86818224, 0.90731758, 0.92954946, 0.93219227, 0.94884413, 0.99657828, 1.09316, 1.0985371, 1.1003262, 1.217253, 1.3294536, 1.4537289, 1.4818217, 1.5166718, 1.6590745, 1.7787472, 1.8368651, 1.8466296, 1.85528, 1.8961495, 2.0734184, 2.2046354, 2.2459621, 2.4110861, 2.4629366, 2.633522, 2.6428165, 2.688822, 3.1053333, 3.1893876, 3.3484473, 3.4703128, 3.5613277, 3.7982194, 3.8930235, 3.9911239, 4.514576, 4.5657735, 4.6766329, 5.8053651, 5.9737463, 6.09483, 6.4970179, 8.9841919, 9.040946, 9.6204128, 10.742669]",www.pubmed.com/19111667,"Non-essential protein of unconfirmed function; affects pre-rRNA processing, may act as a negative regulator of the transcription of genes involved in pseudohyphal growth; homologous to Srd1p"
S000005639,YOR113W,AZF1,21,146.59164682,6.98055461049,"[0.41000667, 2.3389237, 2.3389237, 2.3389237, 3.0308013, 3.0308013, 3.3348191, 4.6157637, 6.5572114, 6.7856889, 6.8926039, 6.8926039, 7.8884997, 8.3706512, 9.0625286, 9.3162031, 10.312099, 11.593043, 13.062529, 13.071091, 15.347931]",www.pubmed.com/19111667,"Zinc-finger transcription factor; involved in diauxic shift; in the presence of glucose, activates transcription of genes involved in growth and carbon metabolism; in nonfermentable carbon sources, activates transcription of genes involved in maintenance of cell wall integrity; relocalizes to the cytosol in response to hypoxia"
S000001503,YKL020C,SPT23,32,135.829794928,4.24468109151,"[0.17330794, 0.46855533, 1.0607376, 1.1762148, 1.7187421, 1.8359528, 1.8359528, 2.0537579, 2.49827, 2.7158351, 2.7482882, 3.271323, 3.5039711, 3.5039711, 3.7187421, 4.043704, 4.2612691, 4.5039711, 4.5862312, 4.6387205, 4.8654275, 5.1782136, 5.3037047, 5.3037047, 6.0406704, 6.095118, 6.7307544, 7.0325584, 7.1375532, 7.6708617, 9.6800804, 10.47363]",www.pubmed.com/16522208,"ER membrane protein involved in regulation of OLE1 transcription; inactive ER form dimerizes and one subunit is then activated by ubiquitin/proteasome-dependent processing followed by nuclear targeting; SPT23 has a paralog, MGA2, that arose from the whole genome duplication"
S000000611,YCR018C,SRD1,46,134.281200849,2.91915654019,"[0.11620281, 0.16249646, 0.22442421, 0.51104546, 0.53124028, 0.53614235, 0.5495196, 0.58212852, 0.6394617, 0.72192389, 0.75434536, 0.85045725, 1.3226537, 1.4170693, 1.456004, 1.6099554, 1.6416643, 1.7900561, 1.8663862, 2.0015602, 2.0659506, 2.1321318, 2.1624966, 2.2971911, 2.4560041, 2.5291896, 2.5390599, 2.5959344, 2.5959344, 2.7791679, 2.8114405, 3.1813555, 3.2155895, 3.4006562, 3.4565976, 3.9031565, 4.4381309, 4.4478989, 5.0848098, 5.2480111, 6.5304108, 6.6403284, 7.9544373, 8.2325468, 10.941498, 11.356536]",www.pubmed.com/19111667,Protein involved in the processing of pre-rRNA to mature rRNA; contains a C2/C2 zinc finger motif; srd1 mutation suppresses defects caused by the rrp1-1 mutation
S000000950,YER148W,SPT15,37,131.978905149,3.56699743645,"[0.10435131, 0.11333895, 0.42170247, 0.81455141, 0.83913529, 1.0055383, 1.148464, 1.1640712, 1.2609915, 1.2956724, 1.3109614, 1.4160461, 1.4738314, 1.5073298, 1.5846969, 1.7500306, 1.9399159, 1.9745462, 1.9915454, 2.2255235, 2.4972095, 2.5133758, 2.6544042, 3.3618927, 3.6201928, 3.7964039, 3.8101885, 4.3220253, 4.5505743, 6.6241145, 6.7934747, 8.3599043, 9.1632853, 9.4297981, 11.240557, 11.286562, 12.612699]",www.pubmed.com/18842628,"TATA-binding protein (TBP); general transcription factor that interacts with other factors to form the preinitiation complex at promoters; essential for viability, highly conserved; yeast gene can complement mutations in human homolog TBP"
S000002667,YDR259C,YAP6,49,115.663058644,2.36047058457,"[0.0019573732, 0.060277712, 0.094120346, 0.15588737, 0.18928964, 0.21282381, 0.303444, 0.33126134, 0.44108877, 0.5486033, 0.64126688, 0.8309685, 0.87085265, 0.90183365, 0.9437688, 0.98493922, 1.0904368, 1.1050173, 1.1417719, 1.2261549, 1.287632, 1.3660991, 1.5470334, 1.666829, 1.8740246, 2.0797784, 2.1081917, 2.1660359, 2.2383654, 2.7601409, 2.823915, 2.8710129, 2.9935839, 3.0151887, 3.083298, 3.3187327, 3.3807013, 3.8702426, 3.882396, 4.0165992, 4.2202272, 4.3036151, 4.8167939, 5.1131139, 5.6752944, 6.2519536, 6.7795134, 6.9851017, 7.0918803]",www.pubmed.com/18842628,"Basic leucine zipper (bZIP) transcription factor; physically interacts with the Tup1-Cyc8 complex and recruits Tup1p to its targets; overexpression increases sodium and lithium tolerance; computational analysis suggests a role in regulation of expression of genes involved in carbohydrate metabolism; YAP6 has a paralog, CIN5, that arose from the whole genome duplication"
S000003276,YGR044C,RME1,26,107.054467138,4.1174795053,"[0.033300396, 0.95197445, 1.2169416, 1.2981254, 1.7584383, 2.1732306, 2.2023113, 3.1563292, 3.2437375, 3.2703724, 3.3113093, 3.8546951, 4.3087726, 4.5000958, 4.500339, 4.6403222, 4.6430225, 4.9367228, 5.229744, 5.6683927, 6.072618, 6.0911765, 6.6398335, 7.5099921, 7.5840755, 8.2585945]",www.pubmed.com/16522208,Zinc finger protein involved in control of meiosis; prevents meiosis by repressing IME1 expression and promotes mitosis by activating CLN2 expression; directly repressed by a1-alpha2 regulator; mediates cell type control of sporulation; relocalizes from nucleus to cytoplasm upon DNA replication stress
S000004893,YMR280C,CAT8,13,106.779116631,8.21377820235,"[6.5826526, 6.872159, 6.872159, 7.2200823, 7.2745299, 7.4127274, 7.4127274, 8.9266071, 9.5640364, 9.5640364, 9.5640364, 9.7566814, 9.7566814]",www.pubmed.com/19111667,"Zinc cluster transcriptional activator; necessary for derepression of a variety of genes under non-fermentative growth conditions, active after diauxic shift, binds carbon source responsive elements; relative distribution to the nucleus increases upon DNA replication stress"
S000004618,YMR016C,SOK2,52,104.112862387,2.00217043052,"[0.0021997369, 0.041904654, 0.079637103, 0.097585656, 0.14473143, 0.20193835, 0.25001401, 0.27491766, 0.37983632, 0.43085235, 0.46309438, 0.52284521, 0.52590173, 0.54026222, 0.68415159, 0.77796769, 0.79862595, 0.90695977, 0.93825287, 1.112671, 1.4459593, 1.5403824, 1.5529011, 1.6178783, 1.9807754, 1.9935549, 2.1468234, 2.1778123, 2.3041644, 2.4042008, 2.4498875, 2.5026309, 2.6058056, 2.6823471, 2.6905942, 3.0188489, 3.0388045, 3.0398703, 3.2069004, 3.2115557, 3.2327893, 3.2686889, 3.3016772, 3.4672105, 3.4943223, 3.6083682, 3.9231656, 3.9395325, 4.0480571, 4.1438794, 4.7944837, 6.1046405]",www.pubmed.com/19111667,"Nuclear protein that negatively regulates pseudohyphal differentiation; plays a regulatory role in the cyclic AMP (cAMP)-dependent protein kinase (PKA) signal transduction pathway; relocalizes to the cytosol in response to hypoxia; SOK2 has a paralog, PHD1, that arose from the whole genome duplication"
S000006403,YPR199C,ARR1,22,99.2270880491,4.51032218405,"[0.046618268, 0.48956689, 0.61300057, 1.3555474, 2.2986383, 3.4807916, 3.511121, 3.8670185, 3.9158316, 3.9158316, 4.5828896, 5.0413628, 5.2275763, 5.2637548, 5.5005946, 5.547266, 6.3588495, 6.5774155, 6.8659954, 7.7873168, 7.9076114, 9.0724897]",www.pubmed.com/16522208,"Transcriptional activator of the basic leucine zipper (bZIP) family; required for transcription of genes involved in resistance to arsenic compounds; directly binds trivalent arsenic (As(III)) as does K. lactis orthologue, KIYAP8"
S000000986,YER184C,TOG1,14,98.498036027,7.03557400193,"[0.47816002, 3.7449465, 3.7449465, 5.5159459, 5.6154819, 6.6835461, 7.2212029, 7.3810163, 8.0856447, 8.2889729, 9.296792, 9.7078953, 10.665693, 12.067792]",www.pubmed.com/19111667,"Transcriptional activator of oleate genes; regulates genes involved in fatty acid utilization; zinc cluster protein; deletion confers sensitivity to Calcufluor white, and prevents growth on glycerol or lactate as sole carbon source"
S000004646,YMR043W,MCM1,20,96.8384021223,4.84192010611,"[0.39507166, 0.45383102, 0.74755812, 1.6973759, 2.0176578, 2.8014891, 3.3084917, 3.953383, 4.0361972, 4.2801785, 4.9287763, 5.5753088, 5.9547553, 6.6001654, 6.6996527, 6.80514, 6.8579693, 7.6816068, 9.5046072, 12.539186]",www.pubmed.com/17130146,Transcription factor; involved in cell-type-specific transcription and pheromone response; plays a central role in the formation of both repressor and activator complexes; relocalizes to the cytosol in response to hypoxia
S000002621,YDR213W,UPC2,23,96.8225957304,4.20967807524,"[0.24310996, 1.1973063, 1.2111852, 1.4130349, 1.5192344, 2.2713068, 2.2864733, 2.2864733, 2.3672314, 2.5344009, 2.8562694, 3.7134299, 4.1781974, 4.3146701, 4.4196987, 5.1093588, 5.5896239, 6.2128434, 6.2128434, 8.0884695, 8.2313089, 9.6220989, 10.944027]",www.pubmed.com/19111667,"Sterol regulatory element binding protein; induces sterol biosynthetic genes, upon sterol depletion; acts as a sterol sensor, binding ergosterol in sterol rich conditions; relocates from intracellular membranes to perinuclear foci upon sterol depletion; redundant activator of filamentation with ECM22, up-regulating the expression of filamentous growth genes; contains a Zn[2]-Cys[6] binuclear cluster; UPC2 has a paralog, ECM22, that arose from the whole genome duplication"
S000000870,YER068W,MOT2,12,95.0136232376,7.91780193647,"[4.356144, 4.356144, 5.678072, 5.678072, 5.678072, 9.8953028, 9.8953028, 9.8953028, 9.8953028, 9.8953028, 9.8953028, 9.8953028]",www.pubmed.com/19111667,"Ubiquitin-protein ligase subunit of the CCR4-NOT complex; with Ubc4p, ubiquitinates nascent polypeptide-associated complex subunits and histone demethyase Jhd2p; CCR4-NOT has roles in transcription regulation, mRNA degradation, and post-transcriptional modifications; regulates levels of DNA Polymerase-{alpha} to promote efficient and accurate DNA replication"
S000000842,YER040W,GLN3,13,94.4619908333,7.26630698718,"[4.9976897, 6.1676149, 6.5067034, 6.5067034, 6.5067034, 6.5067034, 6.5067034, 7.6766286, 7.6766286, 8.852478, 8.852478, 8.852478, 8.852478]",www.pubmed.com/19111667,Transcriptional activator of genes regulated by nitrogen catabolite repression; localization and activity regulated by quality of nitrogen source and Ure2p
S000005698,YOR172W,YRM1,16,94.0954709053,5.88096693158,"[1.1490891, 2.6862001, 3.1336591, 3.1622281, 3.2711625, 4.0272369, 4.4746962, 5.2365518, 5.8120542, 6.9982581, 7.3663197, 8.131855, 8.6882477, 9.6142473, 9.8898821, 10.453783]",www.pubmed.com/19111667,"Zinc finger transcription factor involved in multidrug resistance; Zn(2)-Cys(6) zinc finger transcription factor; activates genes involved in multidrug resistance; paralog of Yrr1p, acting on an overlapping set of target genes"
S000005688,YOR162C,YRR1,30,93.5956238061,3.11985412687,"[0.14328858, 0.21770437, 0.28809372, 0.36091608, 0.38221589, 0.40750989, 0.55777639, 1.155478, 1.3966216, 1.518048, 1.5766354, 1.7293564, 2.0950422, 2.3458092, 2.3660963, 2.6135843, 3.0355411, 3.3332596, 3.7684023, 3.7998273, 3.9450581, 4.2837481, 4.9408607, 5.1258435, 5.8469586, 6.3927774, 6.7388983, 7.0331974, 7.6490192, 8.5480556]",www.pubmed.com/19111667,"Zn2-Cys6 zinc-finger transcription factor; activates genes involved in multidrug resistance; paralog of Yrm1p, acting on an overlapping set of target genes; YRR1 has a paralog, PDR8, that arose from the whole genome duplication"
S000003481,YGR249W,MGA1,33,91.4705421105,2.77183460941,"[0.01887567, 0.059608307, 0.50889802, 0.63063639, 0.66222334, 0.73750979, 0.87333763, 0.94193643, 0.96208465, 0.96354824, 1.0703796, 1.368463, 1.6122781, 1.7158, 1.7479775, 2.0238993, 2.2525437, 2.3113978, 2.4605861, 2.9150887, 3.2639899, 3.3416591, 3.3490136, 3.6249137, 3.8715339, 4.3030872, 4.6601706, 5.0633464, 5.3668528, 5.4385376, 6.6777515, 6.9639506, 9.708663]",www.pubmed.com/18842628,Protein similar to heat shock transcription factor; multicopy suppressor of pseudohyphal growth defects of ammonium permease mutants
S000003041,YGL073W,HSF1,26,89.9047607034,3.45787541167,"[0.16735412, 0.4792231, 0.86124551, 0.9816618, 1.0267109, 1.2314844, 1.6096931, 1.9767227, 2.2136478, 2.2592766, 2.2928851, 2.2928851, 2.2928851, 2.5782871, 3.1071928, 3.6396878, 3.6396878, 4.1377149, 4.1377149, 4.3055701, 4.986372, 5.4210477, 6.0477724, 7.6072001, 9.5257053, 11.085133]",www.pubmed.com/19111667,Trimeric heat shock transcription factor; activates multiple genes in response to highly diverse stresses; recognizes variable heat shock elements (HSEs) consisting of inverted NGAAN repeats; monitors translational status of cell through an RQC (Ribosomal Quality Control)-mediated translation-stress signal; involved in diauxic shift; posttranslationally regulated; human homolog HSF1 with linker region mutations can complement yeast hsf1 mutant
S000003625,YJL089W,SIP4,14,89.5925208926,6.39946577804,"[0.43654579, 1.6255796, 1.6255796, 2.6064708, 6.2549362, 6.4220462, 7.2924109, 7.5362062, 7.6903639, 8.2549362, 9.1769333, 9.2358274, 10.424861, 11.009824]",www.pubmed.com/19111667,C6 zinc cluster transcriptional activator; binds to the carbon source-responsive element (CSRE) of gluconeogenic genes; involved in the positive regulation of gluconeogenesis; regulated by Snf1p protein kinase; localized to the nucleus
S000004218,YLR228C,ECM22,12,88.2829283476,7.35691069563,"[1.8279728, 2.4654026, 5.8161163, 5.8161163, 7.4267049, 7.8161163, 8.5395985, 8.5395985, 8.5395985, 8.8161163, 11.158508, 11.521079]",www.pubmed.com/19111667,"Sterol regulatory element binding protein; regulates transcription of sterol biosynthetic genes upon sterol depletion, after relocating from intracellular membranes to perinuclear foci; redundant activator of filamentation with UPC2, up-regulating the expression of genes involved in filamentous growth; contains Zn[2]-Cys[6] binuclear cluster; ECM22 has a paralog, UPC2, that arose from the whole genome duplication"
S000002214,YDL056W,MBP1,25,87.6202853154,3.50481141262,"[0.017405985, 0.22628359, 0.59825236, 0.75437158, 1.1413947, 1.335218, 1.4222038, 1.8831776, 2.2966728, 2.5311382, 3.1052763, 3.5376811, 3.8816354, 3.9096498, 3.9752219, 4.2315779, 4.2536044, 4.3690815, 4.6015277, 4.6751847, 5.1776848, 5.8409934, 7.0874314, 8.0521536, 8.7154627]",www.pubmed.com/19111667,"Transcription factor; involved in regulation of cell cycle progression from G1 to S phase, forms a complex with Swi6p that binds to MluI cell cycle box regulatory element in promoters of DNA synthesis genes"
S000003977,YLL054C,,22,84.6950013936,3.84977279062,"[0.1597466, 0.1597466, 0.95329571, 1.7674292, 2.4492533, 2.5382583, 2.5382583, 2.5382583, 2.574784, 2.7674291, 3.3523917, 3.3523917, 4.1459408, 4.1824665, 4.5382581, 4.6418982, 4.93468, 5.3683333, 5.9976897, 6.9760156, 8.5867567, 10.17172]",www.pubmed.com/19111667,Putative protein of unknown function with similarity to Pip2p; an oleate-specific transcriptional activator of peroxisome proliferation; YLL054C is not an essential gene
S000003206,YGL237C,HAP2,12,83.9449528456,6.99541273713,"[0.70645875, 0.70645875, 7.3126788, 7.3126788, 7.3126788, 8.5748224, 8.5748224, 8.5748224, 8.5748224, 8.7649031, 8.7649031, 8.7649031]",www.pubmed.com/17130146,Subunit of the Hap2p/3p/4p/5p CCAAT-binding complex; complex is heme-activated and glucose-repressed; complex is a transcriptional activator and global regulator of respiratory gene expression; contains sequences sufficient for both complex assembly and DNA binding; respiratory defect of the null mutant is functionally complemented by human NFYA
S000003646,YJL110C,GZF3,10,79.3591694832,7.93591694832,"[4.1134748, 5.0354724, 6.7528849, 7.6403341, 8.1708488, 8.7481899, 9.4710264, 9.4710264, 9.6526127, 10.303299]",www.pubmed.com/19111667,"GATA zinc finger protein; negatively regulates nitrogen catabolic gene expression by competing with Gat1p for GATA site binding; function requires a repressive carbon source; dimerizes with Dal80p and binds to Tor1p; GZF3 has a paralog, DAL80, that arose from the whole genome duplication"
S000003130,YGL162W,SUT1,31,77.7999526132,2.50967589075,"[0.026940713, 0.053043924, 0.055322513, 0.36710989, 0.37576798, 0.53631306, 0.84643435, 1.3317046, 1.3317046, 1.4707686, 1.4707686, 1.4927974, 1.625648, 1.6708628, 1.831799, 2.0052819, 2.1518533, 2.3172259, 2.3470886, 2.6454349, 2.9837813, 3.318357, 3.6125426, 3.630301, 3.9862716, 5.2299056, 5.2646194, 5.2647758, 5.5765634, 5.9043088, 7.0746555]",www.pubmed.com/16522208,"Zn(II)2Cys6 family transcription factor; positively regulates sterol uptake genes under anaerobic conditions; involved in hypoxic gene expression; represses filamentation-inducing genes during vegetative growth; positively regulates mating with SUT2 by repressing expression of genes that act as mating inhibitors; repressed by STE12; relocalizes from the nucleus to the cytoplasm upon DNA replication stress; SUT1 has a paralog, SUT2, that arose from the whole genome duplication"
S000001126,YHR084W,STE12,23,74.9621765018,3.25922506529,"[0.57904148, 0.96546274, 1.0290076, 1.2691343, 1.2839314, 1.2839314, 1.4592576, 1.9951622, 1.9951622, 1.9951622, 2.3784766, 2.5335801, 2.6383195, 2.7785342, 3.7151501, 4.2089453, 4.223742, 4.3185349, 4.3447924, 5.4733906, 7.0812984, 7.5312648, 9.8808947]",www.pubmed.com/17130146,Transcription factor that is activated by a MAPK signaling cascade; activates genes involved in mating or pseudohyphal/invasive growth pathways; cooperates with Tec1p transcription factor to regulate genes specific for invasive growth
S000006400,YPR196W,,28,74.201007396,2.65003597843,"[0.25004423, 0.38453239, 0.45955178, 0.47556415, 0.47556415, 0.50019377, 0.84063035, 0.96993631, 1.0610842, 1.1485471, 1.2079256, 1.3364669, 1.4031446, 1.9725102, 2.0865889, 2.2953885, 2.3579385, 2.4788651, 2.8023133, 3.539279, 3.5965579, 4.0314474, 4.0314474, 4.7510681, 5.0522375, 6.5547376, 8.6715775, 9.4658651]",www.pubmed.com/19111667,Putative maltose-responsive transcription factor
S000001249,YHR206W,SKN7,9,72.6707539558,8.07452821732,"[6.075603, 7.1751385, 7.3677835, 8.4679203, 8.4777012, 8.6703463, 8.6703463, 8.8829575, 8.8829575]",www.pubmed.com/19111667,"Nuclear response regulator and transcription factor; physically interacts with the Tup1-Cyc8 complex and recruits Tup1p to its targets; part of a branched two-component signaling system; required for optimal induction of heat-shock genes in response to oxidative stress; involved in osmoregulation; relocalizes to the cytosol in response to hypoxia; SKN7 has a paralog, HMS2, that arose from the whole genome duplication"
S000005449,YOL089C,HAL9,8,72.3644895554,9.04556119442,"[8.5800972, 8.5800972, 8.5800972, 9.3248396, 9.3248396, 9.3248396, 9.3248396, 9.3248396]",www.pubmed.com/19111667,"Putative transcription factor containing a zinc finger; overexpression increases salt tolerance through increased expression of the ENA1 (Na+/Li+ extrusion pump) gene while gene disruption decreases both salt tolerance and ENA1 expression; HAL9 has a paralog, TBS1, that arose from the whole genome duplication"
S000001742,YKR034W,DAL80,13,69.1903758645,5.32233660496,"[0.90146571, 1.7759348, 1.7759348, 1.9203248, 1.9203248, 5.2113209, 5.2113209, 6.3634834, 8.2114801, 8.2114801, 8.2677879, 9.1708384, 10.248679]",www.pubmed.com/19111667,"Negative regulator of genes in multiple nitrogen degradation pathways; expression is regulated by nitrogen levels and by Gln3p; member of the GATA-binding family, forms homodimers and heterodimers with Gzf3p; DAL80 has a paralog, GZF3, that arose from the whole genome duplication"
S000001705,YKL222C,,11,67.5872658491,6.14429689537,"[1.0886334, 4.1133895, 4.9337821, 5.0202799, 5.0202799, 6.6931152, 6.9341235, 7.8601227, 7.980906, 8.2219143, 9.7207193]",www.pubmed.com/19111667,"Protein of unknown function; may interact with ribosomes, based on co-purification experiments; similar to transcriptional regulators from the zinc cluster (binuclear cluster) family; null mutant is sensitive to caffeine"
S000005143,YNL199C,GCR2,13,66.4559090436,5.11199300335,"[0.036446705, 0.036446705, 0.70738244, 2.5825965, 3.4514842, 3.4514842, 5.6604877, 6.6706529, 8.1742916, 8.4738522, 8.4738522, 9.2186861, 9.5182457]",www.pubmed.com/16522208,Transcriptional activator of genes involved in glycolysis; interacts and functions with the DNA-binding protein Gcr1p
S000004674,YMR070W,MOT3,7,65.9052600861,9.41503715515,"[9.4150372, 9.4150372, 9.4150372, 9.4150372, 9.4150372, 9.4150372, 9.4150372]",www.pubmed.com/16522208,"Transcriptional repressor, activator; role in cellular adjustment to osmotic stress, including transcriptional activation and modulation of mating efficiency; involved in repression of subset of hypoxic genes by Rox1p, repression of several DAN/TIR genes during aerobic growth, ergosterol biosynthetic genes in response to hyperosmotic stress; contributes to recruitment of Tup1p-Cyc8p general repressor to promoters; relocalizes to cytosol under hypoxia; can form [MOT3+] prion"
S000001452,YIR013C,GAT4,12,65.7348523438,5.47790436198,"[0.44373181, 1.5178809, 2.1381834, 2.9780807, 3.7466996, 4.39995, 5.2844729, 5.8370137, 7.7764468, 8.6024179, 11.001858, 12.008117]",www.pubmed.com/19111667,"Protein containing GATA family zinc finger motifs; involved in spore wall assembly; sequence similarity to GAT3, and the double mutant gat3 gat4 exhibits reduced dityrosine fluorescence relative to the single mutants"
S000001521,YKL038W,RGT1,15,63.3653512597,4.22435675065,"[0.26675266, 0.43768847, 1.4008455, 2.8770092, 3.8044693, 4.3905525, 4.5831976, 4.5984616, 4.7133098, 4.757133, 4.7680988, 5.0210152, 5.2875414, 6.7502298, 9.7090464]",www.pubmed.com/19111667,"Glucose-responsive transcription factor; regulates expression of several glucose transporter (HXT) genes in response to glucose; binds to promoters and acts both as a transcriptional activator and repressor; recruits Tup1p/Cyc8p to target gene promoters; RGT1 has a paralog, EDS1, that arose from the whole genome duplication"
S000000692,YCR096C,HMRA2,14,62.7865824997,4.48475589284,"[0.31410661, 1.1044761, 2.1214616, 2.2527061, 2.460948, 4.0459104, 4.2683029, 4.782876, 4.8901358, 5.5637589, 5.7157621, 7.3895335, 7.580893, 10.295712]",www.pubmed.com/19111667,Silenced copy of a2 at HMR; similarity to Alpha2p; required along with a1p for inhibiting expression of the HO endonuclease in a/alpha HO/HO diploid cells with an active mating-type interconversion system
S000002829,YDR421W,ARO80,21,62.4016690068,2.97150804794,"[0.037975919, 0.4447234, 0.72114408, 0.80034441, 0.90269279, 0.9651469, 1.0306097, 1.6647307, 1.9165035, 1.9903986, 2.1255355, 2.1958158, 2.2304161, 3.1505101, 3.2453411, 3.8627908, 4.6036983, 4.7935095, 6.5157566, 7.02528, 12.178745]",www.pubmed.com/18842628,Zinc finger transcriptional activator of the Zn2Cys6 family; activates transcription of aromatic amino acid catabolic genes in the presence of aromatic amino acids
S000001392,YIL130W,ASG1,8,62.2613139153,7.78266423941,"[5.6819139, 6.3958139, 7.3448792, 7.3448792, 7.5182104, 7.5182104, 10.228703, 10.228703]",www.pubmed.com/19111667,"Zinc cluster protein proposed to be a transcriptional regulator; regulator involved in the stress response; null mutants have a respiratory deficiency, calcofluor white sensitivity and slightly increased cycloheximide resistance"
S000001221,YHR178W,STB5,16,61.3629515171,3.83518446982,"[0.90621924, 1.3668855, 1.3708875, 1.6582917, 1.7542162, 2.3094869, 2.3979125, 4.2928848, 4.308805, 4.5844393, 5.4083624, 5.5995464, 5.9558501, 5.986877, 6.2625113, 7.1997757]",www.pubmed.com/19111667,Transcription factor; involved in regulating multidrug resistance and oxidative stress response; forms a heterodimer with Pdr1p; contains a Zn(II)2Cys6 zinc finger domain that interacts with a pleiotropic drug resistance element in vitro
S000002576,YDR169C,STB3,23,58.9840701818,2.56452479052,"[0.097428501, 0.32136872, 0.39471695, 0.40310958, 0.42316079, 0.45723698, 0.78922337, 0.84034789, 1.1499308, 1.228714, 1.3577479, 1.4330757, 1.7305971, 1.8838618, 2.7878361, 2.8219268, 2.9117417, 2.9229789, 3.6254649, 4.7615266, 6.1390128, 8.7822237, 11.720839]",www.pubmed.com/18842628,"Ribosomal RNA processing element (RRPE)-binding protein; involved in the glucose-induced transition from quiescence to growth; restricted to nucleus in quiescent cells, released into cytoplasm after glucose repletion; binds Sin3p; relative distribution to the nucleus increases upon DNA replication stress"
S000001166,YHR124W,NDT80,21,58.2885824433,2.77564678301,"[0.0022767996, 0.10683212, 0.23087287, 1.0255845, 1.0555478, 1.2216974, 1.254554, 1.2844536, 1.4537545, 1.5990674, 1.6175514, 1.8603309, 2.049999, 3.0927603, 3.3824265, 3.7990296, 3.9384594, 5.0824671, 7.0353308, 8.3712645, 8.8243217]",www.pubmed.com/18842628,Meiosis-specific transcription factor; required for exit from pachytene and for full meiotic recombination; activates middle sporulation genes; competes with Sum1p for binding to promoters containing middle sporulation elements (MSE) 
S000000703,YCR106W,RDS1,9,53.6615250111,5.9623916679,"[2.1491287, 2.3580756, 3.1190209, 4.8272004, 6.135323, 6.135323, 8.5276403, 8.8658705, 11.543942]",www.pubmed.com/19111667,Putative zinc cluster transcription factor; involved in conferring resistance to cycloheximide
S000004268,YLR278C,,9,52.0291432217,5.78101591352,"[0.094426639, 1.9261109, 3.531832, 3.6179886, 4.3590703, 5.7739067, 9.0806952, 10.4085, 13.236613]",www.pubmed.com/19111667,Zinc-cluster protein; GFP-fusion protein localizes to the nucleus; mutant shows moderate growth defect on caffeine; has a prion-domain like fragment that increases frequency of [URE3]; YLR278C is not an essential gene
S000001393,YIL131C,FKH1,15,51.8261116948,3.45507411299,"[0.022922387, 0.28398806, 0.37143531, 0.6375156, 2.3875537, 2.5867872, 2.8055537, 3.3558056, 3.9039843, 3.9234562, 4.1386323, 4.3607635, 6.2509165, 6.4086404, 10.388157]",www.pubmed.com/18842628,"Forkhead family transcription factor; rate-limiting replication origin activator; evolutionarily conserved lifespan regulator; binds multiple chromosomal elements with distinct specificities, cell cycle dynamics; regulates transcription elongation, chromatin silencing at mating loci, expression of G2/M phase genes; facilitates clustering, activation of early-firing replication origins; binds HML recombination enhancer, regulates donor preference during mating-type switching"
S000003639,YJL103C,GSM1,16,51.7415725589,3.23384828493,"[0.1132939, 0.24743985, 0.33852363, 0.67840332, 1.0202919, 1.5413166, 2.4725325, 2.4910617, 2.625469, 2.7258396, 3.7937419, 3.9200571, 5.7465305, 6.5739326, 7.3061485, 10.14699]",www.pubmed.com/18842628,"Putative zinc cluster protein of unknown function; proposed to be involved in the regulation of energy metabolism, based on patterns of expression and sequence analysis"
S000004246,YLR256W,HAP1,10,50.0976998806,5.00976998806,"[2.067394, 2.3953643, 2.7102375, 2.7102375, 2.7102375, 4.3883095, 4.8172631, 8.4896879, 9.5481806, 10.260788]",www.pubmed.com/19111667,Zinc finger transcription factor; involved in the complex regulation of gene expression in response to levels of heme and oxygen; localizes to the mitochondrion as well as to the nucleus; the S288C sequence differs from other strain backgrounds due to a Ty1 insertion in the carboxy terminus
S000000048,YAL051W,OAF1,10,50.0925371051,5.00925371051,"[0.41007274, 1.5133605, 2.9569671, 2.9569671, 3.9569671, 4.4975357, 6.0289826, 6.6400075, 10.015231, 11.116446]",www.pubmed.com/19111667,"Oleate-activated transcription factor; subunit of a heterodimeric complex with Pip2p, which binds to oleate-response elements (ORE) in the promoter of genes involved in beta-oxidation of fatty acids, peroxisome organization and biogenesis, activating transcription in the presence of oleate; regulates chromatin silencing at telomeres; involved in diauxic shift; OAF1 has a paralog, PIP2, that arose from the whole genome duplication"
S000001930,YFR034C,PHO4,14,49.5075160696,3.53625114783,"[0.0018898464, 0.0018898464, 0.36867994, 0.36867994, 1.2830713, 1.2830713, 2.9711721, 2.9711721, 4.4789572, 4.4789572, 6.0430312, 6.0430312, 9.6069565, 9.6069565]",www.pubmed.com/18842628,"Basic helix-loop-helix (bHLH) transcription factor of the myc-family; activates transcription cooperatively with Pho2p in response to phosphate limitation; binding to 'CACGTG' motif is regulated by chromatin restriction, competitive binding of Cbf1p to the same DNA binding motif and cooperation with Pho2p; function is regulated by phosphorylation at multiple sites and by phosphate availability"
S000006098,YPL177C,CUP9,11,47.1576191187,4.28705628352,"[0.091764212, 0.57719105, 0.59991109, 0.65435892, 2.1768003, 2.6121967, 3.8686781, 4.0910707, 9.8569565, 11.211121, 11.417571]",www.pubmed.com/19111667,"Homeodomain-containing transcriptional repressor; regulates expression of PTR2, which encodes a major peptide transporter; imported peptides activate ubiquitin-dependent proteolysis, resulting in degradation of Cup9p and de-repression of PTR2 transcription; CUP9 has a paralog, TOS8, that arose from the whole genome duplication; protein abundance increases in response to DNA replication stress"
S000004972,YNL027W,CRZ1,14,45.9055637494,3.27896883924,"[0.047649868, 0.094570912, 0.10279142, 0.88256049, 1.3955731, 1.8658931, 3.3155198, 3.332211, 5.1899891, 5.5379124, 5.6447406, 5.9578156, 6.0524855, 6.4858508]",www.pubmed.com/19111667,"Transcription factor, activates transcription of stress response genes; nuclear localization is positively regulated by calcineurin-mediated dephosphorylation; rapidly localizes to the nucleus under blue light stress; can be activated in stochastic pulses of nuclear localization in response to calcium"
S000002981,YGL013C,PDR1,16,45.6691027023,2.85431891889,"[0.054854903, 0.69228482, 1.5688075, 1.7804999, 1.8295591, 1.8907355, 2.238162, 2.2857354, 2.4432766, 2.5087483, 2.8449318, 3.350167, 3.4698925, 5.1602044, 6.5230036, 7.0282393]",www.pubmed.com/19111667,"Transcription factor that regulates the pleiotropic drug response; zinc cluster protein that is a master regulator involved in recruiting other zinc cluster proteins to pleiotropic drug response elements (PDREs) to fine tune the regulation of multidrug resistance genes; relocalizes to the cytosol in response to hypoxia; PDR1 has a paralog, PDR3, that arose from the whole genome duplication"
S000005554,YOR028C,CIN5,12,44.3388457,3.69490380834,"[0.43545473, 0.4552632, 0.46161118, 1.995598, 2.0381789, 2.379216, 2.7187576, 2.8490312, 5.2041292, 7.7350736, 8.3334122, 9.73312]",www.pubmed.com/19111667,"Basic leucine zipper (bZIP) transcription factor of the yAP-1 family; physically interacts with the Tup1-Cyc8 complex and recruits Tup1p to its targets; mediates pleiotropic drug resistance and salt tolerance; nuclearly localized under oxidative stress and sequestered in the cytoplasm by Lot6p under reducing conditions; CIN5 has a paralog, YAP6, that arose from the whole genome duplication"
S000004645,YMR042W,ARG80,6,43.6340765953,7.27234609922,"[5.7369657, 5.9089184, 5.9089184, 8.5706882, 8.5706882, 8.9378977]",www.pubmed.com/16522208,Transcription factor involved in regulating arginine-responsive genes; acts with Arg81p and Arg82p
S000006049,YPL128C,TBF1,13,42.60295856,3.27715065846,"[1.2057935, 1.4917891, 2.4584589, 2.5537169, 2.6664519, 2.6770992, 2.977216, 3.6912203, 4.0195746, 4.2679625, 4.683054, 4.7206078, 5.1900139]",www.pubmed.com/19111667,"Telobox-containing general regulatory factor; binds TTAGGG repeats within subtelomeric anti-silencing regions (STARs), blocking silent chromatin propagation; binds majority of snoRNA gene promoters, required for full snoRNA expression; caps DSB flanked by long T2AG3 repeats and blocks checkpoint activation"
S000002441,YDR034C,LYS14,8,42.4303091764,5.30378864706,"[1.0031949, 2.3251231, 3.2959766, 5.7825356, 6.4311361, 6.4311361, 7.6535287, 9.507678]",www.pubmed.com/19111667,Transcriptional activator involved in regulating lysine biosynthesis; involved in the regulation of genes of the lysine biosynthesis pathway; requires 2-aminoadipate semialdehyde as co-inducer
S000000237,YBR033W,EDS1,6,41.070473671,6.84507894516,"[2.8950396, 5.9863548, 6.2355833, 6.401392, 8.4370165, 11.115088]",www.pubmed.com/19111667,"Putative zinc cluster protein, predicted to be a transcription factor; not an essential gene; EDS1 has a paralog, RGT1, that arose from the whole genome duplication"
S000004256,YLR266C,PDR8,5,39.7684187889,7.95368375778,"[5.5604286, 6.9014659, 8.016943, 9.2042847, 10.085297]",www.pubmed.com/19111667,"Transcription factor; targets include ATP-binding cassette (ABC) transporters, major facilitator superfamily transporters, and other genes involved in the pleiotropic drug resistance (PDR) phenomenon; PDR8 has a paralog, YRR1, that arose from the whole genome duplication"
S000001526,YKL043W,PHD1,17,39.3762643784,2.31625084579,"[0.12771885, 0.59338498, 0.75649548, 1.1312792, 1.1585939, 1.6671333, 1.8743815, 1.9708146, 2.2047548, 2.3454576, 2.5624363, 2.6480203, 2.7277558, 3.3743858, 3.8820727, 4.5898762, 5.761703]",www.pubmed.com/19111667,"Transcriptional activator that enhances pseudohyphal growth; physically interacts with the Tup1-Cyc8 complex and recruits Tup1p to its targets; regulates expression of FLO11, an adhesin required for pseudohyphal filament formation; similar to StuA, an A. nidulans developmental regulator; potential Cdc28p substrate; PHD1 has a paralog, SOK2, that arose from the whole genome duplication"
S000000354,YBR150C,TBS1,22,38.7268602625,1.76031183011,"[0.007609712, 0.007609712, 0.007609712, 0.007609712, 0.18657985, 0.80806822, 0.80806822, 0.84954488, 0.94265425, 0.94265425, 0.94265425, 0.9510262, 0.9510262, 1.2089477, 1.2089477, 2.7738526, 2.8770256, 3.5499847, 4.0783634, 4.1798449, 4.699852, 6.7373266]",www.pubmed.com/19111667,"Protein of unknown function; the authentic, non-tagged protein is detected in highly purified mitochondria in high-throughput studies; TBS1 has a paralog, HAL9, that arose from the whole genome duplication"
S000005346,YNR063W,,7,38.5045202374,5.50064574821,"[0.5962556, 3.7661805, 3.7661805, 3.7661805, 7.9885731, 8.3955374, 10.225613]",www.pubmed.com/19111667,Putative zinc-cluster protein of unknown function
S000005996,YPL075W,GCR1,10,36.5984926894,3.65984926894,"[0.07471019, 0.093135901, 0.21537581, 0.21537581, 0.4357537, 6.0924869, 6.3495836, 6.7147045, 6.8347211, 9.5726452]",www.pubmed.com/10487868,Transcriptional activator of genes involved in glycolysis; DNA-binding protein that interacts and functions with the transcriptional activator Gcr2p
S000002661,YDR253C,MET32,10,36.4314795528,3.64314795528,"[0.024952793, 0.2242616, 1.1388208, 1.7908975, 1.8585519, 3.5337121, 6.0955911, 6.0955911, 6.1166525, 9.5524483]",www.pubmed.com/19111667,"Zinc-finger DNA-binding transcription factor; involved in transcriptional regulation of the methionine biosynthetic genes; targets strong transcriptional activator Met4p to promoters of sulfur metabolic genes; feedforward loop exists in the regulation of genes controlled by Met4p and Met32p; lack of such a loop for MET31 may account for the differential actions of Met32p and Met31p; MET32 has a paralog, MET31, that arose from the whole genome duplication"
S000000443,YBR239C,ERT1,5,35.9172124863,7.18344249725,"[4.6823931, 5.1418247, 7.489748, 7.6520195, 10.951227]",www.pubmed.com/19111667,"Transcriptional regulator; involved in regulation of gluconeogenesis and fermentable carbon utilization; GFP-fusion protein localizes to cytoplasm, nucleus; null mutation affects periodicity of transcriptional and metabolic oscillation; plays role in restricting Ty1 transposition; member of the zinc cluster family of proteins, similar to Rds2p"
S000000199,YBL103C,RTG3,11,35.2167036682,3.20151851529,"[0.1092519, 0.14513701, 0.28343907, 0.65149581, 1.7149123, 3.1322048, 3.4018028, 4.7254663, 5.3621874, 6.3173952, 9.3734112]",www.pubmed.com/18842628,"bHLH/Zip transcription factor for retrograde (RTG) and TOR pathways; forms a complex with another bHLH/Zip protein, Rtg1p, to activate the pathways; target of Hog1p"
S000004121,YLR131C,ACE2,6,34.3048345856,5.71747243094,"[0.060210925, 5.0374908, 6.3296714, 6.8638806, 7.6224532, 8.3911276]",www.pubmed.com/19111667,"Transcription factor required for septum destruction after cytokinesis; phosphorylation by Cbk1p blocks nuclear exit during M/G1 transition, causing localization to daughter cell nuclei, and also increases Ace2p activity; phosphorylation by Cdc28p and Pho85p prevents nuclear import during cell cycle phases other than cytokinesis; part of RAM network that regulates cellular polarity and morphogenesis; ACE2 has a paralog, SWI5, that arose from the whole genome duplication"
S000001873,YFL021W,GAT1,4,34.1692452431,8.54231131077,"[7.2937832, 7.5738912, 8.5052872, 10.796284]",www.pubmed.com/19111667,Transcriptional activator of nitrogen catabolite repression genes; contains a GATA-1-type zinc finger DNA-binding motif; activity and localization regulated by nitrogen limitation and Ure2p; different translational starts produce two major and two minor isoforms that are differentially regulated and localized
S000001019,YHL027W,RIM101,3,33.8345460892,11.2781820297,"[10.526069, 10.526069, 12.782409]",www.pubmed.com/19111667,Cys2His2 zinc-finger transcriptional repressor; involved in alkaline responsive gene repression as part of adaptation to alkaline conditions; involved in cell wall assembly; required for alkaline pH-stimulated haploid invasive growth and sporulation; activated by alkaline-dependent proteolytic processing which results in removal of the C-terminal tail; similar to A. nidulans PacC
S000005388,YOL028C,YAP7,7,32.4209039807,4.63155771153,"[0.76494747, 2.5664892, 3.1409366, 3.6645346, 4.5492668, 7.1019979, 10.632731]",www.pubmed.com/17130146,"Putative basic leucine zipper (bZIP) transcription factor; YAP7 has a paralog, YAP5, that arose from the whole genome duplication"
S000003064,YGL096W,TOS8,4,32.1865205765,8.04663014412,"[3.4448748, 8.3497171, 10.025446, 10.366483]",www.pubmed.com/19111667,"Homeodomain-containing protein and putative transcription factor; found associated with chromatin; target of SBF transcription factor; induced during meiosis and under cell-damaging conditions; TOS8 has a paralog, CUP9, that arose from the whole genome duplication"
S000004794,YMR182C,RGM1,4,30.1951880455,7.54879701138,"[6.8155756, 6.8155756, 6.9411063, 9.6229305]",www.pubmed.com/19111667,"Putative zinc finger DNA binding transcription factor; contains two N-terminal C2H2 zinc fingers and C-terminal proline rich domain; overproduction impairs cell growth and induces expression of genes involved in monosaccharide catabolism and aldehyde metabolism; regulates expression of of Y' telomeric elements and subtelomeric COS genes; relocalizes to the cytosol in response to hypoxia; RGM1 has a paralog, USV1, that arose from the whole genome duplication"
S000000963,YER161C,SPT2,6,29.9060294628,4.9843382438,"[1.0456133, 2.918973, 3.0270326, 4.7930832, 5.2517204, 12.869607]",www.pubmed.com/16522208,Protein involved in negative regulation of transcription; required for RNA polyadenylation; exhibits regulated interactions with both histones and SWI-SNF components; relocalizes to the cytosol in response to hypoxia; similar to mammalian HMG1 proteins
S000002503,YDR096W,GIS1,5,29.6884324551,5.93768649101,"[2.0616529, 5.4849029, 6.7915649, 7.5929623, 7.7573495]",www.pubmed.com/19111667,"Histone demethylase and transcription factor; regulates genes during nutrient limitation; activity modulated by proteasome-mediated proteolysis; has JmjC and JmjN domain in N-terminus that interact, promoting stability and proper transcriptional activity; contains two transactivating domains downstream of Jmj domains and a C-terminal DNA binding domain; relocalizes to the cytosol in response to hypoxia; GIS1 has a paralog, RPH1, that arose from the whole genome duplication"
S000001668,YKL185W,ASH1,10,28.1917907447,2.81917907447,"[0.15613334, 1.6148756, 2.1678665, 2.4555759, 2.643434, 3.5985186, 3.615442, 3.7537839, 3.7554281, 4.4307327]",www.pubmed.com/16522208,"Component of the Rpd3L histone deacetylase complex; zinc-finger inhibitor of HO transcription; mRNA is localized and translated in the distal tip of anaphase cells, resulting in accumulation of Ash1p in daughter cell nuclei and inhibition of HO expression; potential Cdc28p substrate"
S000002530,YDR123C,INO2,6,27.8601267338,4.64335445563,"[2.122555, 2.8093607, 2.9796903, 3.8858128, 7.6090469, 8.453661]",www.pubmed.com/16522208,"Transcription factor; component of the heteromeric Ino2p/Ino4p basic helix-loop-helix transcription activator that binds inositol/choline-responsive elements (ICREs), required for derepression of phospholipid biosynthetic genes in response to inositol depletion; involved in diauxic shift"
S000000830,YER028C,MIG3,10,27.6662170887,2.76662170887,"[0.58782196, 0.613262, 0.79629201, 2.1835778, 2.5618267, 3.6567132, 3.8660414, 3.8849821, 4.3087897, 5.2069101]",www.pubmed.com/19111667,"Transcriptional regulator; partially nonfunctional in S288C strains but has a major role in catabolite repression and ethanol response in some other strains; involved in response to toxic agents; phosphorylation by Snf1p or the Mec1p pathway inactivates Mig3p, allowing induction of damage response genesenvironment"
S000002624,YDR216W,ADR1,6,27.6589865685,4.60983109474,"[2.697788, 2.823319, 3.5959084, 4.3758597, 6.8783603, 7.2877512]",www.pubmed.com/19111667,"Carbon source-responsive zinc-finger transcription factor; required for transcription of the glucose-repressed gene ADH2, of peroxisomal protein genes, and of genes required for ethanol, glycerol, and fatty acid utilization"
S000006213,YPR009W,SUT2,5,26.444426775,5.288885355,"[2.0775738, 2.6034887, 3.5024786, 6.97475, 11.286136]",www.pubmed.com/18842628,"Zn2Cys6 family transcription factor; positively regulates sterol uptake under anaerobic conditions with SUT1; represses filamentation-inducing genes during non-starvation conditions; positively regulates mating along with SUT1 by repressing the expression of genes (PRR2, NCE102 and RHO5) which function as mating inhibitors; multicopy suppressor of mutations that cause low activity of the cAMP/PKA pathway; SUT2 has a paralog, SUT1, that arose from the whole genome duplication"
S000001048,YHR006W,STP2,9,26.2137637138,2.91264041265,"[0.76145422, 0.92991924, 1.4093663, 2.2158828, 3.2871437, 3.4423096, 4.0380182, 4.7963204, 5.3333492]",www.pubmed.com/18842628,"Transcription factor; activated by proteolytic processing in response to signals from the SPS sensor system for external amino acids; activates transcription of amino acid permease genes; STP2 has a paralog, STP1, that arose from the whole genome duplication"
S000005258,YNL314W,DAL82,5,26.0030317307,5.20060634613,"[3.6268611, 3.9213085, 4.7822447, 5.5863242, 8.0862932]",www.pubmed.com/19111667,"Positive regulator of allophanate inducible genes; binds a dodecanucleotide sequence upstream of all genes that are induced by allophanate; contains an UISALL DNA-binding, a transcriptional activation, and a coiled-coil domain"
S000002711,YDR303C,RSC3,8,25.6528954506,3.20661193132,"[1.1030996, 2.1645002, 2.3661339, 2.4864283, 2.5763702, 3.0820379, 4.8483934, 7.0259318]",www.pubmed.com/19111667,"Component of the RSC chromatin remodeling complex; essential gene required for maintenance of proper ploidy and regulation of ribosomal protein genes and the cell wall/stress response; RSC3 has a paralog, RSC30, that arose from the whole genome duplication"
S000005871,YOR344C,TYE7,3,25.2881959677,8.42939865589,"[1.9181837, 10.042305, 13.327707]",www.pubmed.com/19111667,Serine-rich protein that contains a bHLH DNA binding motif; binds E-boxes of glycolytic genes and contributes to their activation; may function as a transcriptional activator in Ty1-mediated gene expression; bHLH stands for basic-helix-loop-helix
S000002928,YDR520C,URC2,3,24.7061467171,8.23538223902,"[6.4355369, 7.7058268, 10.564783]",www.pubmed.com/19111667,Putative Zn(II)2Cys6 motif containing transcription factor; non-essential gene identified in a screen for mutants with increased levels of rDNA transcription; similar to S. kluyveri Urc2p involved in uracil catabolism
S000004466,YML007W,YAP1,10,24.2271454036,2.42271454036,"[0.17307943, 0.31836417, 0.41622144, 0.63329297, 1.038043, 1.6665233, 2.2702556, 2.7732847, 7.279922, 7.6581588]",www.pubmed.com/18842628,"Basic leucine zipper (bZIP) transcription factor; required for oxidative stress tolerance; activated by H2O2 through the multistep formation of disulfide bonds and transit from the cytoplasm to the nucleus; Yap1p is degraded in the nucleus after the oxidative stress has passed; mediates resistance to cadmium; relative distribution to the nucleus increases upon DNA replication stress; YAP1 has a paralog, CAD1, that arose from the whole genome duplication"
S000006217,YPR013C,CMR3,3,24.1031823158,8.03439410528,"[7.730803, 7.8937082, 8.4786711]",www.pubmed.com/19111667,Putative zinc finger protein; YPR013C is not an essential gene
S000001298,YIL036W,CST6,7,23.9290979579,3.41844256542,"[0.089732356, 0.50599718, 1.0205703, 1.3190657, 3.6284013, 4.1828418, 13.182489]",www.pubmed.com/19111667,"Basic leucine zipper (bZIP) transcription factor from ATF/CREB family involved in stress-responsive regulatory network; mediates transcriptional activation of NCE103 in response to low CO2 levels; proposed to be a regulator of oleate responsive genes; involved in utilization of non-optimal carbon sources and chromosome stability; relocalizes to the cytosol in response to hypoxia; CST6 has a paralog, ACA1, that arose from the whole genome duplication"
S000006169,YPL248C,GAL4,5,23.6388053298,4.72776106596,"[0.51294559, 4.4011364, 4.528791, 6.4961863, 7.6997461]",www.pubmed.com/18842628,DNA-binding transcription factor required for activating GAL genes; responds to galactose; repressed by Gal80p and activated by Gal3p
S000000287,YBR083W,TEC1,3,23.6034135818,7.86780452728,"[5.2386141, 7.4986143, 10.866185]",www.pubmed.com/19111667,"Transcription factor targeting filamentation genes and Ty1 expression; Ste12p activation of most filamentation gene promoters depends on Tec1p and Tec1p transcriptional activity is dependent on its association with Ste12p; binds to TCS elements upstream of filamentation genes, which are regulated by Tec1p/Ste12p/Dig1p complex; competes with Dig2p for binding to Ste12p/Dig1p; positive regulator of chronological life span; TEA/ATTS DNA-binding domain family member"
S000005468,YOL108C,INO4,4,22.2003138065,5.55007845163,"[2.8646557, 4.4496183, 5.6024647, 9.2835751]",www.pubmed.com/16522208,"Transcription factor involved in phospholipid synthesis; required for derepression of inositol-choline-regulated genes involved in phospholipid synthesis; forms a complex, with Ino2p, that binds the inositol-choline-responsive element through a basic helix-loop-helix domain"
S000005864,YOR337W,TEA1,4,21.9960260391,5.49900650978,"[4.145247, 4.5602846, 5.145247, 8.1452475]",www.pubmed.com/19111667,Ty1 enhancer activator involved in Ty enhancer-mediated transcription; required for full levels of Ty enhancer-mediated transcription; C6 zinc cluster DNA-binding protein
S000000913,YER111C,SWI4,3,21.7320969105,7.24403230349,"[1.2240012, 8.7280035, 11.780092]",www.pubmed.com/19111667,"DNA binding component of the SBF complex (Swi4p-Swi6p); a transcriptional activator that in concert with MBF (Mbp1-Swi6p) regulates late G1-specific transcription of targets including cyclins and genes required for DNA synthesis and repair; Slt2p-independent regulator of cold growth; acetylation at two sites, K1016 and K1066, regulates interaction with Swi6p"
S000000635,YCR039C,MATALPHA2,2,21.7113189697,10.8556594849,"[9.1946955, 12.516623]",www.pubmed.com/10487868,"Homeobox-domain protein; with Mcm1p, represses a-specific genes in haploids; acts with A1p to repress transcription of haploid-specific genes in diploids; one of two genes encoded by the MATalpha mating type cassette"
S000003821,YJR060W,CBF1,2,21.1583795547,10.5791897774,"[9.4106722, 11.747707]",www.pubmed.com/19111667,"Basic helix-loop-helix (bHLH) protein; forms homodimer to bind E-box consensus sequence CACGTG present at MET gene promoters and centromere DNA element I (CDEI); affects nucleosome positioning at this motif; associates with other transcription factors such as Met4p and Isw1p to mediate transcriptional activation or repression; associates with kinetochore proteins, required for chromosome segregation; protein abundance increases in response to DNA replication stress"
S000001595,YKL112W,ABF1,5,20.0943189859,4.01886379719,"[0.8192178, 2.1934199, 4.0879831, 5.5990686, 7.3946295]",www.pubmed.com/19111667,"DNA binding protein with possible chromatin-reorganizing activity; involved in transcriptional activation, gene silencing, and DNA replication and repair"
S000004676,YMR072W,ABF2,4,18.771494627,4.69287365675,"[2.3939261, 2.8678572, 5.5459294, 7.9637818]",www.pubmed.com/19111667,"Mitochondrial DNA-binding protein; involved in mitochondrial DNA replication and recombination, member of HMG1 DNA-binding protein family; activity may be regulated by protein kinase A phosphorylation; ABF2 has a paralog, IXR1, that arose from the whole genome duplication; human homolog TFAM can complement yeast abf2 mutant, rescuing the loss-of-mitochondrial DNA phenotype in a yeast abf2 strain"
S000002871,YDR463W,STP1,4,16.8801401854,4.22003504634,"[0.99025667, 1.3720412, 5.033165, 9.4846773]",www.pubmed.com/16522208,"Transcription factor; contains a N-terminal regulatory motif (RI) that acts as a cytoplasmic retention determinant and as an Asi dependent degron in the nucleus; undergoes proteolytic processing by SPS (Ssy1p-Ptr3p-Ssy5p)-sensor component Ssy5p in response to extracellular amino acids; activates transcription of amino acid permease genes and may have a role in tRNA processing; STP1 has a paralog, STP2, that arose from the whole genome duplication"
S000004166,YLR176C,RFX1,3,16.3586784601,5.45289282004,"[1.6266991, 7.3659897, 7.3659897]",www.pubmed.com/19111667,Major transcriptional repressor of DNA-damage-regulated genes; recruits repressors Tup1p and Cyc8p to their promoters; involved in DNA damage and replication checkpoint pathway; similar to a family of mammalian DNA binding RFX1-4 proteins
S000006054,YPL133C,RDS2,4,15.987057209,3.99676430225,"[1.9633934, 3.1978588, 3.2435014, 7.5823035]",www.pubmed.com/19111667,Transcription factor involved in regulating gluconeogenesis; also involved in the regulation of glyoxylate cycle genes; member of the zinc cluster family of proteins; confers resistance to ketoconazole
S000001001,YHL009C,YAP3,3,15.3673729897,5.12245766322,"[3.316359, 4.7122874, 7.3387265]",www.pubmed.com/19111667,Basic leucine zipper (bZIP) transcription factor
S000003134,YGL166W,CUP2,1,14.8175525665,14.8175525665,[14.817553],www.pubmed.com/17130146,"Copper-binding transcription factor; activates transcription of the metallothionein genes CUP1-1 and CUP1-2 in response to elevated copper concentrations; required for regulation of copper genes in response to DNA-damaging reagents; CUP2 has a paralog, HAA1, that arose from the whole genome duplication"
S000004778,YMR168C,CEP3,3,14.2096235752,4.73654119174,"[2.9724624, 4.741137, 6.4960241]",www.pubmed.com/19111667,"Essential kinetochore protein; component of the CBF3 complex that binds the CDEIII region of the centromere; contains an N-terminal Zn2Cys6 type zinc finger domain, a C-terminal acidic domain, and a putative coiled coil dimerization domain"
S000000932,YER130C,COM2,4,14.006115675,3.50152891874,"[1.3428143, 1.4594234, 5.5135002, 5.6903777]",www.pubmed.com/19111667,"Transcription factor that binds IME1 Upstream Activation Signal (UAS)ru; COM2 transcription is regulated by Haa1p, Sok2p and Zap1p transcriptional activators; may bind the IME1 promoter under all growth conditions to negatively regulate its transcription in the absence of a positive regulator that binds more effectively; repressor activity may depend on phosphorylation by PKA; C. albicans homolog (MNL1) plays a role in adaptation to stress"
S000001012,YHL020C,OPI1,3,13.7784984112,4.59283280373,"[0.74376965, 3.0414503, 9.9932785]",www.pubmed.com/16522208,"Transcriptional regulator of a variety of genes; phosphorylation by protein kinase A stimulates Opi1p function in negative regulation of phospholipid biosynthetic genes; involved in telomere maintenance; null exhibits disrupted mitochondrial metabolism and low cardiolipin content, strongly correlated with overproduction of inositol"
S000005160,YNL216W,RAP1,4,13.2034653425,3.30086633563,"[1.5351447, 3.162653, 3.4372182, 5.0684495]",www.pubmed.com/19111667,"Essential DNA-binding transcription regulator that binds many loci; involved in transcription activation, repression, chromatin silencing, telomere length maintenance; relocalizes to cytosol under hypoxia; conserved protein with N-terminal BRCT domain, central region with homology to Myb DNA binding domain, and C-terminal Rap1-specific protein-interaction domain (RCT domain); recruits Sir complex to telomeric DNA; present in quiescent cell telomere hyperclusters"
S000001498,YKL015W,PUT3,2,13.0687260628,6.53436303139,"[6.3892536, 6.6794724]",www.pubmed.com/19111667,"Transcriptional activator; binds specific gene recruitment sequences and is required for DNA zip code-mediated targeting of genes to nuclear periphery; regulates proline utilization genes, constitutively binds PUT1 and PUT2 promoters as a dimer, undergoes conformational change to form active state; binds other promoters only under activating conditions; differentially phosphorylated in presence of different nitrogen sources; has a Zn(2)-Cys(6) binuclear cluster domain"
S000002553,YDR146C,SWI5,2,13.0281329155,6.51406645775,"[5.6979322, 7.3302007]",www.pubmed.com/19111667,"Transcription factor that recruits Mediator and Swi/Snf complexes; activates transcription of genes expressed at the M/G1 phase boundary and in G1 phase; required for expression of the HO gene controlling mating type switching; localization to nucleus occurs during G1 and appears to be regulated by phosphorylation by Cdc28p kinase; SWI5 has a paralog, ACE2, that arose from the whole genome duplication"
S000005907,YOR380W,RDR1,1,12.9757604599,12.9757604599,[12.97576],www.pubmed.com/19111667,Transcriptional repressor involved in regulating multidrug resistance; negatively regulates expression of the PDR5 gene; member of the Gal4p family of zinc cluster proteins
S000004489,YML027W,YOX1,1,12.2746744156,12.2746744156,[12.274674],www.pubmed.com/19111667,"Homeobox transcriptional repressor; binds to Mcm1p and to early cell cycle boxes (ECBs) in the promoters of cell cycle-regulated genes expressed in M/G1 phase; expression is cell cycle-regulated; phosphorylated by Cdc28p; relocalizes from nucleus to cytoplasm upon DNA replication stress; YOX1 has a paralog, YHP1, that arose from the whole genome duplication"
S000003888,YJR127C,RSF2,1,11.9870290756,11.9870290756,[11.987029],www.pubmed.com/19111667,"Zinc-finger protein; involved in transcriptional control of both nuclear and mitochondrial genes, many of which specify products required for glycerol-based growth, respiration, and other functions; RSF2 has a paralog, TDA9, that arose from the whole genome duplication; relocalizes from nucleus to cytoplasm upon DNA replication stress"
S000000735,YEL009C,GCN4,4,11.8609602451,2.96524006128,"[1.8529935, 3.1391702, 3.4102416, 3.458555]",www.pubmed.com/18842628,bZIP transcriptional activator of amino acid biosynthetic genes;  activator responds to amino acid starvation; expression is tightly regulated at both the transcriptional and translational levels
S000004565,YML099C,ARG81,4,11.5762783587,2.89406958967,"[0.33660367, 1.9318854, 4.5952163, 4.7125731]",www.pubmed.com/16522208,Zinc finger transcription factor involved in arginine-responsive genes; Zn(2)-Cys(6) binuclear cluster domain type; involved in the regulation of arginine-responsive genes; acts with Arg80p and Arg82p
S000001863,YFL031W,HAC1,1,10.9965906143,10.9965906143,[10.996591],www.pubmed.com/19111667,"Basic leucine zipper (bZIP) transcription factor (ATF/CREB1 homolog); regulates the unfolded protein response, via UPRE binding, and membrane biogenesis; ER stress-induced splicing pathway facilitates efficient Hac1p synthesis; two functional forms of Hac1p are produced; translation initiation is repressed under non-stress conditions; protein abundance increases in response to DNA replication stress"
S000004623,YMR021C,MAC1,1,10.7627754211,10.7627754211,[10.762775],www.pubmed.com/17130146,Copper-sensing transcription factor; involved in regulation of genes required for high affinity copper transport; required for regulation of yeast copper genes in response to DNA-damaging agents; undergoes changes in redox state in response to changing levels of copper or MMS
S000004546,YML081W,TDA9,1,10.3858556747,10.3858556747,[10.385856],www.pubmed.com/19111667,"Transcription factor that regulates acetate production; green fluorescent protein (GFP)-fusion protein localizes to the nucleus; null mutant is sensitive to expression of the top1-T722A allele; not an essential gene; TDA9 has a paralog, RSF2, that arose from the whole genome duplication"
S000001545,YKL062W,MSN4,1,9.73118305206,9.73118305206,[9.7311831],www.pubmed.com/19111667,"Stress-responsive transcriptional activator; activated in stochastic pulses of nuclear localization in response to various stress conditions; binds DNA at stress response elements of responsive genes, inducing gene expression; involved in diauxic shift"
S000001098,YHR056C,RSC30,2,9.40861535072,4.70430767536,"[3.6575081, 5.7511072]",www.pubmed.com/19111667,"Component of the RSC chromatin remodeling complex; non-essential gene required for regulation of ribosomal protein genes and the cell wall/stress response; null mutants are osmosensitive; RSC30 has a paralog, RSC3, that arose from the whole genome duplication"
S000003299,YGR067C,,1,9.28568077087,9.28568077087,[9.2856808],www.pubmed.com/19111667,Putative protein of unknown function; contains a zinc finger motif similar to that of Adr1p
S000004640,YMR037C,MSN2,1,9.27753353119,9.27753353119,[9.2775335],www.pubmed.com/19111667,Stress-responsive transcriptional activator; activated in stochastic pulses of nuclear localization in response to various stress conditions; binds DNA at stress response elements of responsive genes; relative distribution to nucleus increases upon DNA replication stress
S000001807,YKR099W,BAS1,5,8.76266789436,1.75253357887,"[0.51471311, 0.52175289, 1.7107347, 2.5889144, 3.4265528]",www.pubmed.com/18842628,Myb-related transcription factor; involved in regulating basal and induced expression of genes of the purine and histidine biosynthesis pathways; also involved in regulation of meiotic recombination at specific genes
S000004367,YLR375W,STP3,1,8.63424015045,8.63424015045,[8.6342402],www.pubmed.com/19111667,"Zinc-finger protein of unknown function; possibly involved in pre-tRNA splicing and in uptake of branched-chain amino acids; STP3 has a paralog, STP4, that arose from the whole genome duplication"
S000002206,YDL048C,STP4,1,8.54592895508,8.54592895508,[8.545929],www.pubmed.com/19111667,"Protein containing a Kruppel-type zinc-finger domain; similar to Stp1p, Stp2p; predicted transcription factor; relative distribution to the nucleus increases upon DNA replication stress; STP4 has a paralog, STP3, that arose from the whole genome duplication"
S000005959,YPL038W,MET31,1,8.18665504456,8.18665504456,[8.186655],www.pubmed.com/19111667,"Zinc-finger DNA-binding transcription factor; targets strong transcriptional activator Met4p to promoters of sulfur metabolic genes; involved in transcriptional regulation of the methionine biosynthetic genes; feedforward loop controlling expression of MET32 and the lack of such a loop for MET31 may account for the differential actions of Met31p and Met32p; MET31 has a paralog, MET32, that arose from the whole genome duplication"
S000003177,YGL209W,MIG2,4,7.99787023664,1.99946755916,"[0.20197484, 0.61701232, 2.9955239, 4.1833591]",www.pubmed.com/19111667,"Zinc finger transcriptional repressor; cooperates with Mig1p in glucose-induced gene repression; under low glucose conditions relocalizes to mitochondrion, where it interacts with Ups1p, antagonizes mitochondrial fission factor Dnm1p, indicative of a role in mitochondrial fusion or regulating morphology; regulates filamentous growth in response to glucose depletion; activated in stochastic pulses of nuclear localization in response to low glucose"
S000003003,YGL035C,MIG1,3,7.97796738148,2.65932246049,"[1.8967122, 2.0394523, 4.0418029]",www.pubmed.com/19111667,"Transcription factor involved in glucose repression; sequence specific DNA binding protein containing two Cys2His2 zinc finger motifs; regulated by the SNF1 kinase and the GLC7 phosphatase; regulates filamentous growth along with Mig2p in response to glucose depletion; activated in stochastic pulses of nuclear localization, shuttling between cytosol and nucleus depending on external glucose levels and its phosphorylation state"
S000004088,YLR098C,CHA4,1,7.96964359283,7.96964359283,[7.9696436],www.pubmed.com/19111667,DNA binding transcriptional activator; mediates serine/threonine activation of the catabolic L-serine (L-threonine) deaminase (CHA1); Zinc-finger protein with Zn[2]-Cys[6] fungal-type binuclear cluster domain
S000005885,YOR358W,HAP5,2,7.55471675098,3.77735837549,"[0.07138221, 7.4833345]",www.pubmed.com/17130146,Subunit of the Hap2p/3p/4p/5p CCAAT-binding complex; complex is heme-activated and glucose repressed; complex is a transcriptional activator and global regulator of respiratory gene expression; required for assembly and DNA binding activity of the complex
S000002178,YDL020C,RPN4,1,7.41272735596,7.41272735596,[7.4127274],www.pubmed.com/19111667,Transcription factor that stimulates expression of proteasome genes; Rpn4p levels are in turn regulated by the 26S proteasome in a negative feedback control mechanism; RPN4 is transcriptionally regulated by various stress responses; relative distribution to the nucleus increases upon DNA replication stress
S000000471,YBR267W,REI1,3,7.01618027687,2.33872675896,"[2.3387268, 2.3387268, 2.3387268]",www.pubmed.com/19111667,"Cytoplasmic pre-60S factor; required for the correct recycling of shuttling factors Alb1, Arx1 and Tif6 at the end of the ribosomal large subunit biogenesis; involved in bud growth in the mitotic signaling network"
S000003039,YGL071W,AFT1,5,6.5048109293,1.30096218586,"[0.63044679, 1.2836065, 1.2868698, 1.4401147, 1.8637731]",www.pubmed.com/18842628,"Transcription factor involved in iron utilization and homeostasis; binds consensus site PyPuCACCCPu and activates transcription in response to changes in iron availability; in iron-replete conditions localization is regulated by Grx3p, Grx4p, and Fra2p, and promoter binding is negatively regulated via Grx3p-Grx4p binding; AFT1 has a paralog, AFT2, that arose from the whole genome duplication; relative distribution to the nucleus increases upon DNA replication stress"
S000006219,YPR015C,,2,6.08294171095,3.04147085547,"[0.86333483, 5.2196069]",www.pubmed.com/18842628,Putative zinc finger transcription factor; binds DNA in sequence-specific manner; overexpression causes a cell cycle delay or arrest
S000000890,YER088C,DOT6,2,5.79590475559,2.8979523778,"[1.2144252, 4.5814795]",www.pubmed.com/18842628,Protein involved in rRNA and ribosome biogenesis; activated in stochastic pulses of nuclear localization; binds polymerase A and C motif; subunit of the RPD3L histone deacetylase complex; has chromatin specific SANT domain; involved in telomeric gene silencing and filamentation; relative distribution to the nucleus increases upon DNA replication stress
S000002450,YDR043C,NRG1,1,5.61984157562,5.61984157562,[5.6198416],www.pubmed.com/18842628,Transcriptional repressor; recruits the Cyc8p-Tup1p complex to promoters; mediates glucose repression and negatively regulates a variety of processes including filamentous growth and alkaline pH response; activated in stochastic pulses of nuclear localization in response to low glucose
S000002329,YDL170W,UGA3,1,4.32239675522,4.32239675522,[4.3223968],www.pubmed.com/19111667,"Transcriptional activator for GABA-dependent induction of GABA genes; binds to DNA elements found in the promoters of target genes and increases their expression in the presence of GABA (gamma-aminobutyrate); zinc finger transcription factor of the Zn(2)-Cys(6) binuclear cluster domain type; localized to the nucleus; examples of GABA genes include UGA1, UGA2, and UGA4"
S000000971,YER169W,RPH1,1,4.01694297791,4.01694297791,[4.016943],www.pubmed.com/19111667,"JmjC domain-containing histone demethylase; targets tri- and dimethylated H3K36; associates with actively transcribed regions and promotes elongation; repressor of autophagy-related genes in nutrient-replete conditions; damage-responsive repressor of PHR1; phosphorylated by the Rad53p-dependent DNA damage checkpoint pathway and by a Rim1p-mediated event during starvation; target of stress-induced hormesis; RPH1 has a paralog, GIS1, that arose from the whole genome duplication"
S000006151,YPL230W,USV1,2,2.74249464273,1.37124732137,"[0.47228295, 2.2702117]",www.pubmed.com/18842628,"Putative transcription factor containing a C2H2 zinc finger; mutation affects transcriptional regulation of genes involved in growth on non-fermentable carbon sources, response to salt stress and cell wall biosynthesis; USV1 has a paralog, RGM1, that arose from the whole genome duplication"
S000000150,YBL054W,TOD6,2,2.43873721361,1.21936860681,"[0.99902886, 1.4397084]",www.pubmed.com/18842628,PAC motif binding protein involved in rRNA and ribosome biogenesis; subunit of the RPD3L histone deacetylase complex; Myb-like HTH transcription factor; hypophosphorylated by rapamycin treatment in a Sch9p-dependent manner; activated in stochastic pulses of nuclear localization
